train_loss,val_loss,train_acc,val_acc,train_f1,val_f1,lr
0.7437472431748001,0.6933314800262451,0.6423529411764706,0.7037037037037037,0.6393753231978487,0.6235690235690236,0.001
0.6314660868159047,0.9507059284618923,0.6847058823529412,0.6851851851851852,0.6782951963219364,0.6760849664075471,0.001
0.6311219908573009,1.2393771197114671,0.7152941176470589,0.5925925925925926,0.7075928338979879,0.6044753086419753,0.001
0.5872465040948656,1.002836721284049,0.7105882352941176,0.5555555555555556,0.695513804161073,0.5555555555555556,0.001
